timestamp,open,high,low,close,volume
2023-09-19 06:45:00,123.37,123.37,123.37,123.37,5
2023-09-19 07:00:00,122.99,122.99,122.9,122.9,105
2023-09-19 07:30:00,122.59,122.62,122.47,122.47,412
2023-09-19 07:45:00,122.76,122.85,122.76,122.85,209
2023-09-19 08:00:00,122.45,123.5,122.45,123.05,622
2023-09-19 08:15:00,122.99,123.0,122.9,123.0,309
2023-09-19 08:30:00,123.01,123.01,123.0,123.0,63
2023-09-19 08:45:00,122.91,122.91,122.8,122.8,80
2023-09-19 09:00:00,123.35,123.8,122.91,123.31,88
2023-09-19 09:15:00,123.0,123.85,122.95,122.95,132
2023-09-19 09:30:00,123.4,123.48,121.55,121.69,90010
2023-09-19 09:45:00,121.7,122.52,121.7,122.445,68185
2023-09-19 10:00:00,122.51,122.63,121.95,122.07,65102
2023-09-19 10:15:00,122.01,122.015,121.53,121.73,61192
2023-09-19 10:30:00,121.75,121.94,121.565,121.62,65384
2023-09-19 10:45:00,121.6,121.75,121.18,121.24,59137
2023-09-19 11:00:00,121.212,121.22,120.56,120.73,57367
2023-09-19 11:15:00,120.79,120.85,120.6,120.6,34245
2023-09-19 11:30:00,120.6,120.69,120.293,120.34,45224
2023-09-19 11:45:00,120.37,120.75,120.32,120.68,64154
2023-09-19 12:00:00,120.705,120.76,120.345,120.53,107712
2023-09-19 12:15:00,120.51,120.55,120.27,120.27,44546
2023-09-19 12:30:00,120.25,120.35,120.06,120.21,79926
2023-09-19 12:45:00,120.23,120.24,119.78,120.025,122527
2023-09-19 13:00:00,120.025,120.025,119.43,119.54,101069
2023-09-19 13:15:00,119.57,119.605,119.38,119.6,86452
2023-09-19 13:30:00,119.6,119.62,119.2,119.22,84218
2023-09-19 13:45:00,119.21,119.57,119.17,119.57,85708
2023-09-19 14:00:00,119.54,119.6,119.37,119.438,50820
2023-09-19 14:15:00,119.42,119.42,119.07,119.125,55417
2023-09-19 14:30:00,119.165,119.71,119.165,119.65,76546
2023-09-19 14:45:00,119.65,119.66,119.45,119.51,69185
2023-09-19 15:00:00,119.54,119.56,119.25,119.4,65327
2023-09-19 15:15:00,119.39,119.79,119.31,119.7,84839
2023-09-19 15:30:00,119.69,120.05,119.66,120.05,148830
2023-09-19 15:45:00,120.06,120.45,120.06,120.22,396316
2023-09-19 16:00:00,120.22,120.23,119.94,120.22,1620312
2023-09-19 16:15:00,120.22,120.22,119.94,120.22,2511
2023-09-19 16:45:00,120.22,120.22,120.16,120.2,27309
2023-09-19 17:15:00,120.2,120.22,120.2,120.22,111
2023-09-19 17:30:00,120.22,120.22,120.22,120.22,3
2023-09-19 18:15:00,120.22,120.22,120.22,120.22,1
2023-09-19 18:30:00,120.22,120.22,120.22,120.22,475693
2023-09-19 19:00:00,120.22,120.22,120.22,120.22,475693
2023-09-19 19:15:00,120.22,120.22,120.22,120.22,1
2023-09-19 19:45:00,119.98,119.98,119.97,119.97,25
2023-09-20 05:00:00,118.12,118.12,118.12,118.12,5
2023-09-20 07:00:00,119.3,119.56,118.22,119.56,711
2023-09-20 07:15:00,119.76,119.76,119.76,119.76,11
2023-09-20 07:30:00,119.75,120.04,119.74,120.03,308
2023-09-20 07:45:00,120.03,120.03,119.81,120.0,528
2023-09-20 08:00:00,119.98,120.22,119.98,119.98,106
2023-09-20 08:45:00,119.97,120.04,119.95,120.04,77
2023-09-20 09:15:00,120.04,120.08,119.66,120.08,441
2023-09-20 09:30:00,119.72,121.37,119.55,121.2,85437
2023-09-20 09:45:00,121.24,121.25,120.8,121.18,80216
2023-09-20 10:00:00,121.18,121.8,121.18,121.66,101597
2023-09-20 10:15:00,121.69,121.72,121.37,121.54,76724
2023-09-20 10:30:00,121.55,121.76,120.99,121.07,91860
2023-09-20 10:45:00,121.05,121.33,120.91,121.33,48434
2023-09-20 11:00:00,121.35,121.78,121.24,121.62,32763
2023-09-20 11:15:00,121.56,121.65,121.32,121.35,41503
2023-09-20 11:30:00,121.27,121.37,121.015,121.015,20987
2023-09-20 11:45:00,120.98,121.15,120.71,120.74,20523
2023-09-20 12:00:00,120.77,120.77,120.45,120.607,31727
2023-09-20 12:15:00,120.63,121.08,120.56,120.91,52002
2023-09-20 12:30:00,120.875,121.0,120.76,120.76,30714
2023-09-20 12:45:00,120.76,120.96,120.72,120.89,26850
2023-09-20 13:00:00,120.885,120.96,120.78,120.78,24114
2023-09-20 13:15:00,120.8,121.06,120.8,120.995,28308
2023-09-20 13:30:00,120.98,121.04,120.8,120.84,46604
2023-09-20 13:45:00,120.85,121.04,120.75,120.94,26036
2023-09-20 14:00:00,120.93,121.15,120.56,121.12,66973
2023-09-20 14:15:00,121.11,121.16,120.85,121.01,50538
2023-09-20 14:30:00,121.05,121.27,120.82,120.88,49888
2023-09-20 14:45:00,120.858,121.005,120.51,120.77,57998
2023-09-20 15:00:00,120.75,121.08,120.7,120.75,54777
2023-09-20 15:15:00,120.73,120.82,120.54,120.695,83624
2023-09-20 15:30:00,120.715,120.715,120.33,120.37,102991
2023-09-20 15:45:00,120.35,120.45,119.98,120.09,318707
2023-09-20 16:00:00,120.08,120.09,119.75,120.07,2135964
2023-09-20 16:15:00,120.07,120.07,120.07,120.07,1
2023-09-20 16:30:00,119.96,119.96,119.5,119.5,4
2023-09-20 16:45:00,120.06,120.07,120.0,120.0,120
2023-09-20 17:15:00,119.75,120.07,119.75,120.07,55722
2023-09-20 17:45:00,119.75,119.75,119.75,119.75,10
2023-09-20 18:00:00,119.9,119.9,119.51,119.51,25
2023-09-20 18:15:00,120.07,120.07,120.07,120.07,1
2023-09-20 18:30:00,120.07,120.07,119.75,120.07,677534
2023-09-20 18:45:00,119.678,119.678,119.678,119.678,25
2023-09-20 19:00:00,120.07,120.07,120.07,120.07,677378
2023-09-20 19:15:00,120.07,120.07,120.07,120.07,10
2023-09-20 19:30:00,120.07,120.07,120.07,120.07,5
2023-09-21 07:00:00,119.43,119.78,119.43,119.58,51
2023-09-21 07:30:00,119.54,119.54,119.35,119.35,12
2023-09-21 08:00:00,119.5,120.13,119.11,120.13,1010
2023-09-21 08:15:00,120.48,120.61,119.6,119.6,184
2023-09-21 08:30:00,120.88,121.99,120.79,121.99,1760
2023-09-21 08:45:00,121.75,122.0,120.83,122.0,1473
2023-09-21 09:00:00,122.05,122.05,121.56,121.95,1341
2023-09-21 09:15:00,121.56,122.35,121.44,122.13,3340
2023-09-21 09:30:00,122.42,123.84,122.42,122.75,344463
2023-09-21 09:45:00,122.675,123.285,121.9,121.9,184182
2023-09-21 10:00:00,122.14,122.26,121.52,121.785,92654
2023-09-21 10:15:00,121.82,122.16,121.585,121.74,64201
2023-09-21 10:30:00,121.81,121.86,120.725,120.725,73775
2023-09-21 10:45:00,120.65,120.7,120.11,120.345,68271
2023-09-21 11:00:00,120.3,120.9,120.08,120.54,73854
2023-09-21 11:15:00,120.56,121.27,120.56,121.15,45971
2023-09-21 11:30:00,121.075,121.248,120.76,120.87,64481
2023-09-21 11:45:00,120.88,121.05,120.55,120.71,49956
2023-09-21 12:00:00,120.67,120.94,120.61,120.85,137699
2023-09-21 12:15:00,120.87,121.055,120.81,120.94,58179
2023-09-21 12:30:00,120.98,121.02,120.85,120.905,49738
2023-09-21 12:45:00,120.88,120.929,120.72,120.77,40337
2023-09-21 13:00:00,120.75,120.78,120.51,120.65,61683
2023-09-21 13:15:00,120.68,121.0,120.66,120.89,78224
2023-09-21 13:30:00,120.83,121.0,120.67,120.69,44451
2023-09-21 13:45:00,120.7,120.865,120.642,120.71,34270
2023-09-21 14:00:00,120.73,120.755,120.58,120.61,72350
2023-09-21 14:15:00,120.59,120.595,120.38,120.427,36123
2023-09-21 14:30:00,120.41,120.62,120.31,120.575,43180
2023-09-21 14:45:00,120.57,120.65,120.48,120.51,33271
2023-09-21 15:00:00,120.51,120.63,120.32,120.32,54025
2023-09-21 15:15:00,120.33,120.37,119.9,119.91,69459
2023-09-21 15:30:00,119.89,120.34,119.69,120.07,102430
2023-09-21 15:45:00,120.05,120.33,119.89,119.92,315977
2023-09-21 16:00:00,119.92,120.01,119.92,120.0,1153493
2023-09-21 16:15:00,119.94,119.95,119.94,119.94,1281
2023-09-21 16:30:00,119.97,119.97,119.97,119.97,8
2023-09-21 16:45:00,119.94,119.94,119.94,119.94,14080
2023-09-21 17:15:00,120.35,120.35,120.35,120.35,30
2023-09-21 17:30:00,119.97,119.97,119.97,119.97,1
2023-09-21 17:45:00,119.97,119.97,119.97,119.97,5
2023-09-21 18:00:00,120.35,120.35,119.97,119.97,22
2023-09-21 18:30:00,119.94,119.94,119.94,119.94,370185
2023-09-21 19:00:00,119.94,120.1,119.94,120.0,370335
2023-09-21 19:15:00,120.39,120.39,120.35,120.35,2
2023-09-21 19:45:00,120.0,120.3,120.0,120.3,1225
2023-09-22 07:45:00,121.03,121.03,121.03,121.03,10
2023-09-22 08:00:00,121.05,121.05,119.94,121.05,36
2023-09-22 08:30:00,121.05,121.05,121.02,121.02,102
2023-09-22 08:45:00,121.05,121.05,120.82,120.82,1083
2023-09-22 09:00:00,120.55,120.55,120.55,120.55,9
2023-09-22 09:15:00,120.22,120.89,120.22,120.89,507
2023-09-22 09:30:00,120.5,121.07,120.19,121.0,122830
2023-09-22 09:45:00,120.87,121.0,120.48,120.765,57572
2023-09-22 10:00:00,120.79,121.7,120.79,120.95,77577
2023-09-22 10:15:00,120.955,120.958,120.67,120.87,48699
2023-09-22 10:30:00,120.84,120.88,120.33,120.465,60544
2023-09-22 10:45:00,120.47,120.63,120.0,120.0,74265
2023-09-22 11:00:00,120.0,120.0,119.216,119.45,61877
2023-09-22 11:15:00,119.5,119.878,119.5,119.69,65585
2023-09-22 11:30:00,119.59,119.59,119.2,119.36,59550
2023-09-22 11:45:00,119.36,119.435,118.95,118.95,64735
2023-09-22 12:00:00,118.95,118.963,118.6,118.76,73827
2023-09-22 12:15:00,118.75,119.25,118.66,119.115,57516
2023-09-22 12:30:00,119.15,119.15,118.905,118.955,61802
2023-09-22 12:45:00,118.94,119.25,118.92,119.21,72966
2023-09-22 13:00:00,119.21,119.46,119.13,119.14,61706
2023-09-22 13:15:00,119.16,119.33,119.04,119.04,44187
2023-09-22 13:30:00,119.04,119.11,118.8,118.815,46912
2023-09-22 13:45:00,118.83,119.02,118.71,118.96,52332
2023-09-22 14:00:00,118.96,119.22,118.89,119.15,52503
2023-09-22 14:15:00,119.14,119.294,119.1,119.18,41863
2023-09-22 14:30:00,119.17,119.35,119.13,119.27,39997
2023-09-22 14:45:00,119.31,119.41,119.235,119.37,39954
2023-09-22 15:00:00,119.46,119.72,119.43,119.66,56449
2023-09-22 15:15:00,119.68,119.81,119.53,119.74,54338
2023-09-22 15:30:00,119.72,119.74,118.97,118.97,91487
2023-09-22 15:45:00,118.95,119.05,118.52,118.58,400748
2023-09-22 16:00:00,118.58,118.58,118.57,118.57,1115175
2023-09-22 16:15:00,118.56,118.58,118.51,118.51,114
2023-09-22 16:30:00,118.54,118.58,118.51,118.51,35
2023-09-22 16:45:00,118.51,118.51,118.51,118.51,4
2023-09-22 17:00:00,118.58,118.58,118.58,118.58,595
2023-09-22 17:15:00,118.57,118.57,118.57,118.57,1
2023-09-22 17:45:00,118.51,118.51,118.51,118.51,1
2023-09-22 18:15:00,118.57,118.58,118.57,118.58,485
2023-09-22 18:30:00,118.58,118.58,118.58,118.58,316605
2023-09-22 19:00:00,118.58,118.59,118.58,118.59,317005
2023-09-22 19:45:00,119.74,119.74,119.74,119.74,13
2023-09-25 07:00:00,118.85,118.85,118.85,118.85,83
2023-09-25 07:30:00,119.0,119.0,119.0,119.0,130
2023-09-25 07:45:00,119.03,119.03,118.58,118.58,35
2023-09-25 08:00:00,118.58,119.69,118.58,118.58,26
2023-09-25 08:15:00,119.05,119.05,118.7,118.7,28
2023-09-25 08:30:00,88.68,118.58,88.68,118.07,274
2023-09-25 08:45:00,118.0,118.25,118.0,118.25,50
2023-09-25 09:15:00,118.25,118.7,118.25,118.7,172
2023-09-25 09:30:00,118.5,119.555,118.46,119.555,82171
2023-09-25 09:45:00,119.505,119.912,119.11,119.75,63715
2023-09-25 10:00:00,119.78,120.115,119.57,120.09,94269
2023-09-25 10:15:00,120.05,120.14,119.69,119.78,65719
2023-09-25 10:30:00,119.775,120.26,119.7,119.859,47493
2023-09-25 10:45:00,119.84,119.87,119.55,119.67,42135
2023-09-25 11:00:00,119.705,120.09,119.53,120.0,46635
2023-09-25 11:15:00,119.97,120.196,119.94,119.99,40272
2023-09-25 11:30:00,119.995,120.14,119.83,120.13,64944
2023-09-25 11:45:00,120.16,120.28,120.095,120.11,39375
2023-09-25 12:00:00,120.1,120.165,120.01,120.08,28356
2023-09-25 12:15:00,120.1,120.22,120.035,120.14,37591
2023-09-25 12:30:00,120.16,120.309,120.11,120.235,35143
2023-09-25 12:45:00,120.22,120.24,119.95,120.03,30554
2023-09-25 13:00:00,120.02,120.394,120.0,120.37,152253
2023-09-25 13:15:00,120.36,120.5,120.09,120.21,82269
2023-09-25 13:30:00,120.18,120.525,120.14,120.45,35068
2023-09-25 13:45:00,120.46,120.55,120.36,120.55,57976
2023-09-25 14:00:00,120.53,120.64,120.21,120.29,70793
2023-09-25 14:15:00,120.295,120.295,120.04,120.09,45638
2023-09-25 14:30:00,120.095,120.24,120.06,120.13,44959
2023-09-25 14:45:00,120.11,120.27,120.105,120.18,40914
2023-09-25 15:00:00,120.18,120.21,119.91,120.06,63854
2023-09-25 15:15:00,120.07,120.49,120.07,120.245,68437
2023-09-25 15:30:00,120.25,120.41,120.16,120.23,82592
2023-09-25 15:45:00,120.226,120.44,119.85,120.31,339838
2023-09-25 16:00:00,120.31,120.33,119.84,120.26,1760253
2023-09-25 16:15:00,120.26,120.3,120.26,120.3,51
2023-09-25 16:30:00,120.3,120.589,119.2,120.587,612
2023-09-25 16:45:00,120.59,120.59,120.59,120.59,20
2023-09-25 17:00:00,120.31,120.59,120.29,120.59,52
2023-09-25 17:15:00,120.59,120.59,120.28,120.31,28
2023-09-25 17:30:00,120.29,120.58,120.27,120.58,25
2023-09-25 17:45:00,120.59,120.59,120.59,120.59,3
2023-09-25 18:00:00,120.59,120.59,120.59,120.59,50
2023-09-25 18:15:00,120.45,120.59,120.45,120.59,1030
2023-09-25 18:30:00,120.26,120.26,120.26,120.26,534986
2023-09-25 18:45:00,120.5,120.5,119.85,119.85,443
2023-09-25 19:00:00,120.26,120.59,120.26,120.29,535036
2023-09-25 19:15:00,120.31,120.31,120.31,120.31,15
2023-09-25 19:30:00,120.49,120.58,120.4,120.58,2409
2023-09-26 07:00:00,119.72,119.72,119.51,119.7,130
2023-09-26 07:15:00,119.69,119.73,119.69,119.73,36
2023-09-26 07:45:00,119.7,119.72,119.7,119.72,20
2023-09-26 08:00:00,119.4,120.26,119.4,120.26,10198
2023-09-26 08:45:00,120.26,120.26,119.8,119.8,24
2023-09-26 09:00:00,119.51,119.57,119.41,119.41,752
2023-09-26 09:15:00,119.2,119.55,119.2,119.23,152
2023-09-26 09:30:00,119.2,120.146,119.13,120.115,107277
2023-09-26 09:45:00,120.17,120.2,119.76,120.09,78803
2023-09-26 10:00:00,120.15,120.28,119.48,119.56,48803
2023-09-26 10:15:00,119.61,119.66,119.24,119.56,64501
2023-09-26 10:30:00,119.55,119.79,119.25,119.71,54480
2023-09-26 10:45:00,119.73,119.805,119.27,119.32,86502
2023-09-26 11:00:00,119.33,119.475,119.05,119.41,74498
2023-09-26 11:15:00,119.39,119.68,119.39,119.43,43008
2023-09-26 11:30:00,119.445,119.51,119.15,119.465,51976
2023-09-26 11:45:00,119.45,119.86,119.34,119.84,53752
2023-09-26 12:00:00,119.83,120.17,119.73,120.02,76884
2023-09-26 12:15:00,120.055,120.1,119.75,119.835,35312
2023-09-26 12:30:00,119.83,119.94,119.66,119.88,56583
2023-09-26 12:45:00,119.91,120.21,119.91,120.042,33720
2023-09-26 13:00:00,120.04,120.05,119.71,119.8,49611
2023-09-26 13:15:00,119.785,119.85,119.42,119.42,32937
2023-09-26 13:30:00,119.4,119.46,118.91,118.99,81517
2023-09-26 13:45:00,118.96,119.3,118.92,119.17,34395
2023-09-26 14:00:00,119.13,119.16,118.88,118.98,45738
2023-09-26 14:15:00,118.95,119.02,118.808,118.86,46795
2023-09-26 14:30:00,118.81,118.86,118.6,118.67,48451
2023-09-26 14:45:00,118.68,118.849,118.625,118.775,45449
2023-09-26 15:00:00,118.76,118.9,118.61,118.77,83396
2023-09-26 15:15:00,118.77,118.93,118.64,118.89,92532
2023-09-26 15:30:00,118.9,119.37,118.9,119.26,110702
2023-09-26 15:45:00,119.25,119.45,119.12,119.42,388936
2023-09-26 16:00:00,119.42,119.5,117.42,119.5,1041470
2023-09-26 16:15:00,119.42,119.42,119.42,119.42,1
2023-09-26 16:30:00,119.42,119.42,119.42,119.42,40
2023-09-26 17:00:00,119.43,119.49,119.42,119.49,79
2023-09-26 17:30:00,119.5,119.84,119.5,119.84,230
2023-09-26 17:45:00,119.5,119.84,119.5,119.84,16
2023-09-26 18:30:00,119.42,119.7,119.42,119.7,314877
2023-09-26 19:00:00,119.42,119.42,119.42,119.42,314852
2023-09-26 19:15:00,119.49,119.49,119.49,119.49,2
2023-09-26 19:45:00,119.46,119.5,119.42,119.42,23
2023-09-27 06:45:00,119.63,119.63,119.63,119.63,60
2023-09-27 07:00:00,120.07,120.38,120.07,120.38,432
2023-09-27 07:15:00,120.25,120.6,120.25,120.44,40
2023-09-27 07:30:00,120.46,120.68,120.46,120.53,336
2023-09-27 07:45:00,120.63,120.69,120.54,120.69,128
2023-09-27 08:00:00,120.7,124.88,119.42,119.42,50
2023-09-27 08:15:00,120.7,120.7,120.69,120.7,368
2023-09-27 08:30:00,120.54,122.171,120.54,121.71,264
2023-09-27 09:00:00,119.42,121.69,119.42,121.69,62551
2023-09-27 09:15:00,121.04,121.68,120.34,120.44,1157
2023-09-27 09:30:00,120.46,120.97,120.05,120.47,93435
2023-09-27 09:45:00,120.5,120.83,120.28,120.82,70890
2023-09-27 10:00:00,120.77,121.46,120.725,121.35,101858
2023-09-27 10:15:00,121.31,121.42,120.81,120.905,81164
2023-09-27 10:30:00,120.95,121.37,120.84,121.29,94958
2023-09-27 10:45:00,121.24,121.54,120.59,120.755,93752
2023-09-27 11:00:00,120.7,121.18,120.645,120.77,74818
2023-09-27 11:15:00,120.71,120.84,120.41,120.55,52620
2023-09-27 11:30:00,120.57,120.655,120.27,120.35,40429
2023-09-27 11:45:00,120.34,120.54,120.31,120.47,49967
2023-09-27 12:00:00,120.47,120.59,120.13,120.13,70017
2023-09-27 12:15:00,120.125,120.34,120.01,120.07,52941
2023-09-27 12:30:00,120.09,120.31,120.04,120.31,45835
2023-09-27 12:45:00,120.31,120.48,120.24,120.31,57972
2023-09-27 13:00:00,120.31,120.46,120.235,120.235,46821
2023-09-27 13:15:00,120.22,120.24,119.89,119.905,62138
2023-09-27 13:30:00,119.905,120.08,119.73,119.83,60276
2023-09-27 13:45:00,119.805,120.316,119.805,120.269,56747
2023-09-27 14:00:00,120.265,120.37,120.1,120.16,60242
2023-09-27 14:15:00,120.145,120.75,120.145,120.75,29555
2023-09-27 14:30:00,120.76,121.17,120.72,121.094,63133
2023-09-27 14:45:00,121.12,121.13,120.991,121.0,29129
2023-09-27 15:00:00,120.99,121.193,120.82,120.915,74426
2023-09-27 15:15:00,120.88,121.035,120.72,120.93,59599
2023-09-27 15:30:00,120.905,120.92,120.4,120.46,79578
2023-09-27 15:45:00,120.43,120.84,120.34,120.8,274883
2023-09-27 16:00:00,120.79,120.8,119.92,119.92,1617411
2023-09-27 16:15:00,120.8,120.8,120.7,120.7,1990
2023-09-27 16:30:00,121.25,121.25,119.91,119.91,15
2023-09-27 16:45:00,120.85,120.85,120.84,120.84,34
2023-09-27 17:00:00,120.99,121.23,120.99,121.23,102
2023-09-27 17:30:00,120.01,120.01,120.01,120.01,1
2023-09-27 17:45:00,121.24,121.24,121.2,121.2,32
2023-09-27 18:00:00,121.25,121.25,121.1,121.22,931
2023-09-27 18:15:00,121.18,121.24,121.16,121.24,28
2023-09-27 18:30:00,120.8,121.24,120.8,121.18,384921
2023-09-27 18:45:00,121.24,121.24,121.24,121.24,2
2023-09-27 19:00:00,120.8,121.24,120.8,121.18,384912
2023-09-27 19:15:00,121.24,121.25,121.18,121.25,227
2023-09-27 19:30:00,120.99,121.4,120.98,121.36,642
2023-09-27 19:45:00,121.4,121.4,121.4,121.4,2
2023-09-28 05:00:00,121.01,121.01,121.01,121.01,1
2023-09-28 06:15:00,121.01,121.01,121.0,121.0,101
2023-09-28 07:00:00,121.01,121.01,121.0,121.0,40
2023-09-28 07:45:00,121.23,121.34,121.23,121.34,83
2023-09-28 08:00:00,121.35,121.63,120.8,121.5,616
2023-09-28 08:15:00,121.63,121.63,120.8,120.8,87697
2023-09-28 08:45:00,121.62,121.62,120.35,120.7,1374
2023-09-28 09:00:00,120.7,120.7,120.69,120.7,197
2023-09-28 09:15:00,121.1,121.1,120.36,120.84,231
2023-09-28 09:30:00,120.49,121.34,120.39,120.84,88327
2023-09-28 09:45:00,120.84,121.668,120.84,121.52,50548
2023-09-28 10:00:00,121.53,121.93,121.46,121.93,136444
2023-09-28 10:15:00,121.89,122.47,121.47,122.43,160777
2023-09-28 10:30:00,122.464,123.123,122.17,122.89,119562
2023-09-28 10:45:00,122.89,122.96,122.54,122.91,152903
2023-09-28 11:00:00,122.92,123.455,122.765,123.23,79588
2023-09-28 11:15:00,123.18,123.39,123.03,123.255,60443
2023-09-28 11:30:00,123.24,123.32,123.07,123.1,48730
2023-09-28 11:45:00,123.095,123.22,122.72,122.79,55891
2023-09-28 12:00:00,122.79,122.92,122.57,122.8,36074
2023-09-28 12:15:00,122.79,123.05,122.66,123.0,35754
2023-09-28 12:30:00,123.065,123.065,122.805,122.98,24653
2023-09-28 12:45:00,122.96,122.97,122.69,122.81,25580
2023-09-28 13:00:00,122.85,122.9,122.61,122.74,40695
2023-09-28 13:15:00,122.74,122.74,122.18,122.22,34528
2023-09-28 13:30:00,122.18,122.63,121.982,122.45,33788
2023-09-28 13:45:00,122.49,122.54,122.28,122.36,44753
2023-09-28 14:00:00,122.38,122.65,122.36,122.62,27522
2023-09-28 14:15:00,122.64,122.76,122.61,122.71,30182
2023-09-28 14:30:00,122.72,122.815,122.55,122.72,81498
2023-09-28 14:45:00,122.74,123.03,122.74,122.89,50057
2023-09-28 15:00:00,122.89,123.14,122.875,123.13,67517
2023-09-28 15:15:00,123.12,123.26,122.99,123.16,85096
2023-09-28 15:30:00,123.155,123.28,122.79,123.24,147389
2023-09-28 15:45:00,123.24,123.47,122.91,123.39,462658
2023-09-28 16:00:00,123.39,123.5,123.38,123.38,1832852
2023-09-28 16:15:00,123.4,123.4,123.38,123.38,3015
2023-09-28 16:30:00,123.84,123.84,123.4,123.4,9
2023-09-28 16:45:00,123.4,123.62,123.39,123.39,112
2023-09-28 17:00:00,123.38,123.38,123.38,123.38,36235
2023-09-28 17:15:00,123.39,123.39,123.38,123.38,101
2023-09-28 17:45:00,123.795,123.795,123.795,123.795,10
2023-09-28 18:00:00,123.5,123.5,123.5,123.5,10
2023-09-28 18:15:00,123.38,123.44,123.38,123.38,143
2023-09-28 18:30:00,123.38,123.4,123.38,123.4,423466
2023-09-28 18:45:00,123.42,123.42,123.38,123.38,44
2023-09-28 19:00:00,123.38,123.7,123.38,123.44,423690
2023-09-28 19:15:00,123.46,123.69,123.44,123.44,205
2023-09-28 19:30:00,123.7,123.7,123.54,123.54,45
2023-09-28 19:45:00,123.54,123.7,123.42,123.7,295
2023-09-29 04:15:00,123.38,123.38,123.38,123.38,5
2023-09-29 04:30:00,123.49,123.49,123.3,123.32,221
2023-09-29 06:00:00,123.75,123.76,123.75,123.76,344
2023-09-29 07:00:00,123.52,123.94,123.52,123.94,422
2023-09-29 07:15:00,123.99,123.99,123.99,123.99,100
2023-09-29 07:30:00,123.99,124.01,123.99,124.0,520
2023-09-29 07:45:00,124.16,124.27,124.16,124.27,141
2023-09-29 08:00:00,123.75,124.41,123.38,124.41,575
2023-09-29 08:15:00,124.4,124.41,124.0,124.0,41
2023-09-29 08:45:00,124.08,124.08,123.5,123.93,882
2023-09-29 09:00:00,123.8,123.8,123.8,123.8,52
2023-09-29 09:15:00,123.96,124.01,123.5,123.5,296
2023-09-29 09:30:00,123.44,123.44,121.725,121.92,112201
2023-09-29 09:45:00,121.94,121.955,121.201,121.955,65174
2023-09-29 10:00:00,122.0,122.1,120.89,121.12,66729
2023-09-29 10:15:00,121.16,121.25,120.68,120.85,66429
2023-09-29 10:30:00,120.88,121.02,120.533,120.82,62920
2023-09-29 10:45:00,120.87,120.95,120.31,120.5,69081
2023-09-29 11:00:00,120.53,120.775,120.085,120.685,81546
2023-09-29 11:15:00,120.68,121.375,120.631,121.035,81623
2023-09-29 11:30:00,121.01,121.315,120.53,120.645,76711
2023-09-29 11:45:00,120.58,120.58,120.3,120.41,46114
2023-09-29 12:00:00,120.41,120.95,120.3,120.62,34681
2023-09-29 12:15:00,120.63,121.059,120.62,120.88,34748
2023-09-29 12:30:00,120.82,120.97,120.71,120.84,47687
2023-09-29 12:45:00,120.845,120.965,120.52,120.671,51279
2023-09-29 13:00:00,120.665,120.665,120.11,120.17,60985
2023-09-29 13:15:00,120.18,120.28,120.09,120.25,67822
2023-09-29 13:30:00,120.25,120.3,119.91,120.14,86176
2023-09-29 13:45:00,120.15,120.24,119.67,119.72,80901
2023-09-29 14:00:00,119.732,120.08,119.7,119.71,89817
2023-09-29 14:15:00,119.72,120.02,119.69,119.71,100579
2023-09-29 14:30:00,119.709,120.1,119.48,120.08,82233
2023-09-29 14:45:00,120.06,120.44,119.97,120.4,56810
2023-09-29 15:00:00,120.43,120.52,120.15,120.35,65909
2023-09-29 15:15:00,120.38,120.485,120.03,120.31,75683
2023-09-29 15:30:00,120.28,120.33,119.91,119.97,114476
2023-09-29 15:45:00,119.98,120.5,119.94,120.15,370734
2023-09-29 16:00:00,120.16,120.16,120.15,120.15,1777433
2023-09-29 16:15:00,120.15,120.15,119.73,119.75,4145
2023-09-29 16:30:00,119.5,120.15,119.5,120.15,44883
2023-09-29 17:00:00,119.9,119.9,119.9,119.9,39
2023-09-29 17:15:00,119.89,119.9,119.89,119.9,1904
2023-09-29 17:30:00,119.9,120.03,119.9,120.03,81
2023-09-29 17:45:00,120.14,120.15,120.14,120.15,26
2023-09-29 18:00:00,120.15,120.15,120.15,120.15,219
2023-09-29 18:15:00,120.15,120.15,120.15,120.15,1
2023-09-29 18:30:00,120.15,120.15,120.02,120.02,569659
2023-09-29 19:00:00,120.15,120.15,120.15,120.15,569657
2023-09-29 19:30:00,120.15,120.15,120.15,120.15,1
2023-09-29 19:45:00,120.14,120.15,120.14,120.15,4
2023-10-02 06:00:00,121.88,121.88,121.88,121.88,10
2023-10-02 06:15:00,120.51,120.51,120.51,120.51,1
2023-10-02 07:00:00,121.05,121.09,121.0,121.09,13
2023-10-02 07:15:00,121.05,121.05,121.05,121.05,100
2023-10-02 07:45:00,120.55,120.55,120.55,120.55,300
2023-10-02 08:00:00,121.0,121.0,120.15,120.98,129
2023-10-02 08:30:00,120.95,120.95,120.95,120.95,2
2023-10-02 08:45:00,120.15,120.15,119.4,119.4,8
2023-10-02 09:00:00,119.61,119.61,119.61,119.61,1
2023-10-02 09:15:00,119.9,119.9,119.63,119.63,350
2023-10-02 09:30:00,120.09,120.3,118.825,118.825,83551
2023-10-02 09:45:00,118.72,119.25,118.19,119.04,113199
2023-10-02 10:00:00,119.01,119.65,118.62,118.62,100940
2023-10-02 10:15:00,118.62,119.12,118.46,118.47,104475
2023-10-02 10:30:00,118.45,119.12,118.37,119.09,94835
2023-10-02 10:45:00,119.12,119.3,118.67,119.3,83211
2023-10-02 11:00:00,119.34,119.73,119.26,119.26,61254
2023-10-02 11:15:00,119.26,119.41,118.56,118.685,70704
2023-10-02 11:30:00,118.74,119.18,118.58,118.89,48724
2023-10-02 11:45:00,118.91,119.06,118.72,118.825,63868
2023-10-02 12:00:00,118.815,119.23,118.79,119.16,45055
2023-10-02 12:15:00,119.19,119.19,118.94,119.14,39819
2023-10-02 12:30:00,119.18,119.31,119.01,119.08,31301
2023-10-02 12:45:00,119.08,119.22,118.85,118.95,45269
2023-10-02 13:00:00,118.965,119.245,118.93,119.05,39515
2023-10-02 13:15:00,119.04,119.29,119.04,119.13,35894
2023-10-02 13:30:00,119.14,119.2,118.88,118.95,26565
2023-10-02 13:45:00,118.92,119.09,118.89,118.91,35398
2023-10-02 14:00:00,118.91,119.125,118.67,119.09,52630
2023-10-02 14:15:00,119.14,119.145,118.657,118.81,43974
2023-10-02 14:30:00,118.82,118.82,118.41,118.48,73367
2023-10-02 14:45:00,118.51,118.68,118.43,118.61,52078
2023-10-02 15:00:00,118.62,118.76,118.392,118.615,58604
2023-10-02 15:15:00,118.595,118.9,118.595,118.77,90888
2023-10-02 15:30:00,118.775,118.93,118.61,118.79,114755
2023-10-02 15:45:00,118.8,119.18,118.68,119.03,414374
2023-10-02 16:00:00,119.03,119.03,119.014,119.02,1086869
2023-10-02 16:15:00,119.03,119.03,119.03,119.03,8
2023-10-02 16:30:00,119.55,119.55,119.55,119.55,15
2023-10-02 16:45:00,119.02,119.02,119.02,119.02,8775
2023-10-02 17:00:00,119.02,119.02,119.02,119.02,121
2023-10-02 17:15:00,119.02,119.02,119.02,119.02,31
2023-10-02 17:45:00,119.25,119.25,119.25,119.25,1
2023-10-02 18:00:00,119.02,119.02,119.02,119.02,107
2023-10-02 18:15:00,119.43,119.43,119.43,119.43,1
2023-10-02 18:30:00,119.02,119.25,119.02,119.25,337834
2023-10-02 18:45:00,119.31,119.35,119.05,119.35,26
2023-10-02 19:00:00,119.02,119.09,119.01,119.01,338185
2023-10-02 19:30:00,118.99,119.0,118.99,119.0,6
2023-10-02 19:45:00,118.75,118.85,118.75,118.85,20
2023-10-03 06:30:00,119.03,119.03,119.02,119.02,4
2023-10-03 07:15:00,118.52,118.52,118.52,118.52,10
2023-10-03 07:30:00,118.5,118.5,118.5,118.5,20
2023-10-03 07:45:00,118.45,118.45,118.45,118.45,30
2023-10-03 08:00:00,118.97,119.02,118.2,118.31,786
2023-10-03 08:15:00,118.345,118.345,118.19,118.19,130
2023-10-03 08:30:00,119.02,119.02,118.13,118.13,447
2023-10-03 08:45:00,119.02,119.02,117.24,117.9,2176
2023-10-03 09:00:00,117.24,117.89,116.9,116.9,3959
2023-10-03 09:15:00,117.0,118.67,116.85,117.93,1236
2023-10-03 09:30:00,118.0,118.54,115.65,116.235,253660
2023-10-03 09:45:00,116.48,116.995,115.76,116.05,81952
2023-10-03 10:00:00,116.02,116.21,115.53,116.126,141127
2023-10-03 10:15:00,116.16,116.21,115.41,116.08,106613
2023-10-03 10:30:00,116.005,116.3,115.63,115.67,53712
2023-10-03 10:45:00,115.63,115.69,115.03,115.3,81971
2023-10-03 11:00:00,115.27,115.38,114.75,114.81,71462
2023-10-03 11:15:00,114.8,115.0,114.52,114.73,109311
2023-10-03 11:30:00,114.745,114.87,114.145,114.34,67145
2023-10-03 11:45:00,114.32,114.65,114.17,114.515,58933
2023-10-03 12:00:00,114.54,114.98,114.54,114.955,83811
2023-10-03 12:15:00,114.97,115.4,114.81,115.389,53371
2023-10-03 12:30:00,115.43,115.59,115.14,115.48,53555
2023-10-03 12:45:00,115.46,115.75,115.4,115.4,75097
2023-10-03 13:00:00,115.39,115.51,115.055,115.09,42170
2023-10-03 13:15:00,115.11,115.3,114.86,115.1,47804
2023-10-03 13:30:00,115.11,115.26,114.94,115.0,46868
2023-10-03 13:45:00,114.93,114.95,114.42,114.55,53007
2023-10-03 14:00:00,114.55,114.65,114.13,114.37,86284
2023-10-03 14:15:00,114.4,114.68,114.35,114.6,105310
2023-10-03 14:30:00,114.55,115.11,114.52,114.96,79032
2023-10-03 14:45:00,114.97,115.25,114.95,115.17,63794
2023-10-03 15:00:00,115.16,115.442,114.98,115.36,74586
2023-10-03 15:15:00,115.33,115.74,115.33,115.65,64623
2023-10-03 15:30:00,115.65,115.78,115.352,115.68,130239
2023-10-03 15:45:00,115.66,115.71,115.485,115.63,368588
2023-10-03 16:00:00,115.62,115.69,115.62,115.63,1100946
2023-10-03 16:15:00,115.74,116.0,115.63,115.97,4702
2023-10-03 16:30:00,115.69,115.69,115.65,115.65,45
2023-10-03 16:45:00,115.63,115.63,115.63,115.63,2403
2023-10-03 17:15:00,115.63,115.63,115.63,115.63,225
2023-10-03 17:45:00,115.63,115.88,115.63,115.88,522
2023-10-03 18:00:00,115.63,115.63,115.63,115.63,500
2023-10-03 18:15:00,115.02,115.93,115.02,115.92,20
2023-10-03 18:30:00,115.63,115.63,115.63,115.63,292472
2023-10-03 18:45:00,115.93,115.96,115.9,115.96,60
2023-10-03 19:00:00,115.63,115.63,115.63,115.63,292472
2023-10-03 19:15:00,115.64,115.64,115.63,115.63,78
2023-10-03 19:30:00,115.96,116.0,115.96,116.0,81
2023-10-03 19:45:00,115.76,115.76,115.63,115.75,1012
2023-10-04 07:00:00,115.15,115.15,115.0,115.0,14
2023-10-04 07:15:00,114.5,114.5,114.5,114.5,130
2023-10-04 07:30:00,114.57,114.57,114.39,114.4,392
2023-10-04 08:00:00,114.1,115.63,114.1,114.49,2145
2023-10-04 08:15:00,114.49,115.63,114.05,115.63,373
2023-10-04 08:30:00,114.01,114.25,114.0,114.25,1581
2023-10-04 08:45:00,114.25,114.49,114.25,114.28,1125
2023-10-04 09:00:00,114.49,114.49,114.49,114.49,17
2023-10-04 09:15:00,114.49,114.49,113.47,113.47,367
2023-10-04 09:30:00,113.16,113.3,110.09,110.705,418720
2023-10-04 09:45:00,110.75,110.86,110.17,110.56,160900
2023-10-04 10:00:00,110.49,110.96,110.21,110.84,171285
2023-10-04 10:15:00,110.85,110.897,110.12,110.22,192007
2023-10-04 10:30:00,110.17,110.17,109.012,109.075,244749
2023-10-04 10:45:00,109.11,109.65,108.66,109.533,134951
2023-10-04 11:00:00,109.6,110.02,109.46,109.805,83941
2023-10-04 11:15:00,109.809,110.4,109.705,110.2,161561
2023-10-04 11:30:00,110.16,110.31,110.02,110.09,79262
2023-10-04 11:45:00,110.08,110.735,110.04,110.49,82329
2023-10-04 12:00:00,110.54,110.8,110.314,110.59,105144
2023-10-04 12:15:00,110.56,110.82,110.55,110.727,58553
2023-10-04 12:30:00,110.73,111.0,110.59,110.595,110936
2023-10-04 12:45:00,110.6,110.65,110.32,110.47,116971
2023-10-04 13:00:00,110.49,110.62,110.3,110.33,61985
2023-10-04 13:15:00,110.339,110.485,110.031,110.065,112415
2023-10-04 13:30:00,110.04,110.25,109.87,109.92,75946
2023-10-04 13:45:00,109.95,109.987,109.6,109.72,105723
2023-10-04 14:00:00,109.7,110.21,109.66,110.14,91972
2023-10-04 14:15:00,110.2,110.3,109.94,110.072,121908
2023-10-04 14:30:00,110.17,110.315,109.82,110.04,118245
2023-10-04 14:45:00,110.02,110.05,109.892,109.975,70463
2023-10-04 15:00:00,109.985,110.18,109.64,109.791,92296
2023-10-04 15:15:00,109.815,110.025,109.4,109.41,292370
2023-10-04 15:30:00,109.45,110.22,109.41,110.08,171992
2023-10-04 15:45:00,110.08,110.64,109.97,110.45,475658
2023-10-04 16:00:00,110.45,110.54,109.28,110.49,1376294
2023-10-04 16:15:00,110.49,110.49,110.11,110.48,11253
2023-10-04 16:30:00,110.31,110.48,109.39,110.04,433
2023-10-04 16:45:00,110.46,110.49,109.32,110.1,29617
2023-10-04 17:00:00,110.12,110.47,110.12,110.47,133
2023-10-04 17:15:00,110.46,110.46,110.46,110.46,34
2023-10-04 17:30:00,110.39,110.39,110.38,110.38,22
2023-10-04 17:45:00,110.13,110.18,110.12,110.18,456
2023-10-04 18:00:00,109.32,110.2,109.32,110.18,167
2023-10-04 18:30:00,110.49,110.49,110.19,110.19,436300
2023-10-04 18:45:00,110.1,110.1,110.1,110.1,60
2023-10-04 19:00:00,110.49,110.49,110.19,110.2,436290
2023-10-04 19:15:00,110.19,110.2,110.19,110.2,15
2023-10-04 19:30:00,110.2,110.2,109.39,109.39,11
2023-10-05 04:45:00,109.98,109.98,109.98,109.98,100
2023-10-05 05:00:00,109.56,109.56,109.56,109.56,100
2023-10-05 05:45:00,109.95,110.0,109.95,109.97,129
2023-10-05 06:00:00,109.52,109.52,109.51,109.51,120
2023-10-05 06:15:00,109.5,109.5,109.5,109.5,100
2023-10-05 06:45:00,109.37,109.37,109.37,109.37,100
2023-10-05 07:00:00,109.3,109.3,109.11,109.12,197
2023-10-05 07:15:00,109.29,109.3,109.29,109.3,204
2023-10-05 07:30:00,109.3,109.3,109.15,109.3,256
2023-10-05 07:45:00,109.48,109.51,109.48,109.51,121
2023-10-05 08:00:00,109.4,110.49,108.67,110.09,1318
2023-10-05 08:30:00,109.93,109.95,109.55,109.55,208
2023-10-05 08:45:00,109.53,109.87,109.25,109.67,1034
2023-10-05 09:00:00,109.67,109.67,108.67,108.99,1864
2023-10-05 09:15:00,108.68,109.0,108.66,108.66,1179
2023-10-05 09:30:00,108.78,110.63,108.66,109.56,262698
2023-10-05 09:45:00,109.49,110.38,109.25,110.28,95365
2023-10-05 10:00:00,110.18,110.86,109.99,110.772,146925
2023-10-05 10:15:00,110.75,111.17,110.46,110.66,114513
2023-10-05 10:30:00,110.71,110.93,110.18,110.25,129911
2023-10-05 10:45:00,110.24,110.73,110.2,110.355,143029
2023-10-05 11:00:00,110.34,110.37,109.68,109.88,81689
2023-10-05 11:15:00,109.86,109.925,109.3,109.5,100809
2023-10-05 11:30:00,109.48,109.745,109.372,109.42,82749
2023-10-05 11:45:00,109.39,109.4,108.75,108.86,76185
2023-10-05 12:00:00,108.86,108.95,108.59,108.95,63962
2023-10-05 12:15:00,108.97,109.06,108.75,108.93,48902
2023-10-05 12:30:00,108.94,109.1,108.83,108.97,77604
2023-10-05 12:45:00,108.96,109.23,108.83,108.845,44874
2023-10-05 13:00:00,108.84,108.98,108.655,108.81,38621
2023-10-05 13:15:00,108.82,109.09,108.79,109.06,51066
2023-10-05 13:30:00,109.06,109.37,108.99,109.2,68489
2023-10-05 13:45:00,109.22,109.25,108.96,109.03,60293
2023-10-05 14:00:00,109.02,109.165,108.765,108.79,90989
2023-10-05 14:15:00,108.81,109.05,108.75,108.97,67837
2023-10-05 14:30:00,108.97,109.435,108.97,109.165,56582
2023-10-05 14:45:00,109.17,109.17,108.94,108.99,55895
2023-10-05 15:00:00,108.97,109.083,108.76,108.8,91968
2023-10-05 15:15:00,108.795,108.915,108.69,108.915,79136
2023-10-05 15:30:00,108.93,109.09,108.84,108.99,95278
2023-10-05 15:45:00,108.98,109.655,108.84,109.47,561046
2023-10-05 16:00:00,109.47,109.49,109.08,109.48,1141548
2023-10-05 16:15:00,109.48,109.48,109.48,109.48,106
2023-10-05 16:30:00,109.48,109.48,109.46,109.47,20
2023-10-05 17:15:00,109.01,109.47,109.01,109.47,21
2023-10-05 17:45:00,109.46,109.48,109.46,109.48,291
2023-10-05 18:00:00,109.48,109.48,109.48,109.48,11
2023-10-05 18:15:00,109.11,109.47,109.11,109.47,126
2023-10-05 18:30:00,109.48,109.48,109.48,109.48,365086
2023-10-05 18:45:00,109.48,109.49,109.48,109.48,854
2023-10-05 19:00:00,109.48,109.48,109.48,109.48,365116
2023-10-05 19:30:00,109.54,109.56,109.49,109.49,15
2023-10-06 04:00:00,109.14,109.15,109.14,109.15,7
2023-10-06 06:45:00,109.68,109.68,109.68,109.68,80
2023-10-06 07:00:00,110.47,110.64,109.62,109.62,293
2023-10-06 07:15:00,109.61,109.61,109.55,109.55,85
2023-10-06 07:45:00,109.81,109.81,109.8,109.8,15
2023-10-06 08:00:00,110.72,110.91,109.12,109.21,342
2023-10-06 08:15:00,109.52,109.52,109.52,109.52,1
2023-10-06 08:30:00,109.21,110.64,108.59,110.64,149
2023-10-06 08:45:00,110.35,110.35,108.63,110.0,5136
2023-10-06 09:00:00,110.0,110.33,110.0,110.33,1495
2023-10-06 09:15:00,110.18,110.18,110.0,110.18,144
2023-10-06 09:30:00,110.51,110.82,109.1,109.37,128704
2023-10-06 09:45:00,109.375,109.375,108.46,108.68,74547
2023-10-06 10:00:00,108.72,108.81,108.2,108.535,74973
2023-10-06 10:15:00,108.51,109.12,108.33,109.06,53904
2023-10-06 10:30:00,109.06,109.43,108.79,108.84,89748
2023-10-06 10:45:00,108.81,108.96,108.49,108.78,75456
2023-10-06 11:00:00,108.82,109.26,108.705,109.18,57664
2023-10-06 11:15:00,109.11,109.79,108.99,109.74,52115
2023-10-06 11:30:00,109.76,110.11,109.61,110.06,53565
2023-10-06 11:45:00,110.1,110.39,109.95,110.35,50110
2023-10-06 12:00:00,110.36,110.58,110.19,110.29,65149
2023-10-06 12:15:00,110.29,110.64,110.27,110.57,66881
2023-10-06 12:30:00,110.53,110.55,110.29,110.43,45601
2023-10-06 12:45:00,110.42,110.485,109.95,109.955,89582
2023-10-06 13:00:00,109.98,110.11,109.83,109.98,36652
2023-10-06 13:15:00,109.96,110.39,109.93,110.28,33512
2023-10-06 13:30:00,110.28,110.43,110.23,110.25,34673
2023-10-06 13:45:00,110.236,110.515,110.21,110.45,46301
2023-10-06 14:00:00,110.5,110.665,110.45,110.59,44026
2023-10-06 14:15:00,110.594,110.69,110.29,110.65,84709
2023-10-06 14:30:00,110.7,110.79,110.54,110.57,72868
2023-10-06 14:45:00,110.56,110.6,110.27,110.355,74277
2023-10-06 15:00:00,110.365,110.365,109.92,109.95,72602
2023-10-06 15:15:00,109.94,110.0,109.755,109.87,97724
2023-10-06 15:30:00,109.9,109.98,109.6,109.66,123187
2023-10-06 15:45:00,109.65,109.71,109.11,109.19,454588
2023-10-06 16:00:00,109.19,109.28,109.09,109.09,1278748
2023-10-06 16:15:00,109.19,109.19,109.09,109.19,3189
2023-10-06 16:45:00,109.19,109.19,109.19,109.19,11846
2023-10-06 17:00:00,111.0,111.0,109.19,109.19,47
2023-10-06 17:15:00,109.21,109.83,109.21,109.83,112
2023-10-06 17:30:00,109.83,109.83,109.0,109.0,601
2023-10-06 17:45:00,109.18,109.18,109.18,109.18,1
2023-10-06 18:15:00,109.19,109.19,109.19,109.19,4
2023-10-06 18:30:00,109.19,109.19,109.19,109.19,415045
2023-10-06 19:00:00,109.19,109.19,109.19,109.19,415460
2023-10-09 04:00:00,110.1,110.1,110.1,110.1,1
2023-10-09 04:15:00,111.0,111.0,111.0,111.0,200
2023-10-09 05:30:00,111.0,111.0,111.0,111.0,46
2023-10-09 05:45:00,111.05,111.17,110.6,111.17,239
2023-10-09 06:30:00,111.09,111.11,111.09,111.11,60
2023-10-09 06:45:00,111.17,111.17,111.17,111.17,36
2023-10-09 07:00:00,111.2,111.2,110.8,111.1,2393
2023-10-09 07:15:00,110.9,111.05,110.67,110.8,232
2023-10-09 07:30:00,110.79,110.8,110.6,110.67,923
2023-10-09 07:45:00,110.59,110.98,110.59,110.98,1500
2023-10-09 08:00:00,111.15,111.25,110.5,110.98,1826
2023-10-09 08:15:00,110.9,110.95,110.86,110.92,1095
2023-10-09 08:30:00,110.974,110.98,110.76,110.98,1389
2023-10-09 08:45:00,110.91,111.88,110.73,110.75,2717
2023-10-09 09:00:00,110.86,111.85,110.86,111.1,1984
2023-10-09 09:15:00,111.11,112.77,110.86,111.12,4937
2023-10-09 09:30:00,111.06,111.56,110.16,110.365,159669
2023-10-09 09:45:00,110.33,110.65,109.34,109.88,186364
2023-10-09 10:00:00,109.892,110.51,109.66,109.945,131114
2023-10-09 10:15:00,109.965,110.53,109.88,110.48,77285
2023-10-09 10:30:00,110.49,110.97,110.49,110.9,75484
2023-10-09 10:45:00,110.91,110.91,110.24,110.45,56785
2023-10-09 11:00:00,110.5,111.09,110.4,110.96,57270
2023-10-09 11:15:00,110.955,111.14,110.7,110.8,68791
2023-10-09 11:30:00,110.79,110.91,110.3,110.545,106734
2023-10-09 11:45:00,110.515,110.74,110.46,110.67,53838
2023-10-09 12:00:00,110.68,110.705,110.37,110.4,45898
2023-10-09 12:15:00,110.38,110.48,110.235,110.26,38242
2023-10-09 12:30:00,110.27,110.36,110.18,110.24,46541
2023-10-09 12:45:00,110.25,110.69,110.195,110.58,45801
2023-10-09 13:00:00,110.57,110.82,110.385,110.778,46303
2023-10-09 13:15:00,110.775,110.965,110.755,110.886,38775
2023-10-09 13:30:00,110.895,111.3,110.84,111.265,45340
2023-10-09 13:45:00,111.28,111.465,111.03,111.04,65086
2023-10-09 14:00:00,111.04,111.445,110.97,111.39,81036
2023-10-09 14:15:00,111.41,111.655,111.235,111.61,53755
2023-10-09 14:30:00,111.56,111.61,111.26,111.46,43775
2023-10-09 14:45:00,111.445,111.47,111.31,111.415,40227
2023-10-09 15:00:00,111.42,111.42,111.05,111.05,56851
2023-10-09 15:15:00,111.06,111.33,111.03,111.295,58392
2023-10-09 15:30:00,111.32,111.32,111.005,111.015,80418
2023-10-09 15:45:00,111.009,111.427,111.0,111.22,291875
2023-10-09 16:00:00,111.22,111.79,111.21,111.79,1536995
2023-10-09 16:15:00,111.24,111.27,111.23,111.23,45
2023-10-09 16:30:00,111.21,111.21,111.21,111.21,118
2023-10-09 16:45:00,111.5,111.59,111.21,111.59,322
2023-10-09 17:00:00,111.59,111.59,111.55,111.55,2
2023-10-09 17:15:00,111.55,112.0,111.23,111.23,352
2023-10-09 17:30:00,111.24,111.24,111.21,111.21,10
2023-10-09 17:45:00,111.22,111.55,111.21,111.55,12
2023-10-09 18:15:00,111.24,111.49,111.23,111.48,399
2023-10-09 18:30:00,111.21,111.21,111.21,111.21,419828
2023-10-09 19:00:00,111.21,111.44,111.21,111.44,419877
2023-10-09 19:15:00,111.44,111.44,111.44,111.44,20
2023-10-09 19:30:00,111.22,111.44,111.22,111.22,87
2023-10-09 19:45:00,111.44,111.44,111.44,111.44,55
2023-10-10 04:00:00,111.44,111.44,111.44,111.44,18
2023-10-10 06:45:00,111.34,111.34,111.11,111.22,36
2023-10-10 07:15:00,111.22,111.22,111.22,111.22,1
2023-10-10 08:00:00,111.21,112.96,111.02,111.95,1292
2023-10-10 08:15:00,112.0,112.0,111.97,112.0,39
2023-10-10 08:30:00,111.52,111.52,111.21,111.21,674
2023-10-10 08:45:00,111.21,111.7,111.21,111.7,26
2023-10-10 09:15:00,111.4,111.43,111.15,111.31,441
2023-10-10 09:30:00,110.86,112.285,110.34,112.18,105198
2023-10-10 09:45:00,112.1,112.5,111.71,111.71,51736
2023-10-10 10:00:00,111.77,112.09,111.69,112.0,60012
2023-10-10 10:15:00,111.975,112.04,111.65,111.66,61864
2023-10-10 10:30:00,111.6,111.655,111.17,111.55,86486
2023-10-10 10:45:00,111.51,111.985,111.45,111.91,52160
2023-10-10 11:00:00,111.93,112.22,111.815,112.16,54283
2023-10-10 11:15:00,112.15,112.45,112.15,112.355,63417
2023-10-10 11:30:00,112.355,112.705,112.29,112.61,49529
2023-10-10 11:45:00,112.6,112.68,112.52,112.64,55418
2023-10-10 12:00:00,112.62,112.82,112.44,112.75,50631
2023-10-10 12:15:00,112.74,112.799,112.67,112.67,39383
2023-10-10 12:30:00,112.68,112.75,112.13,112.255,59404
2023-10-10 12:45:00,112.255,112.56,112.19,112.56,35291
2023-10-10 13:00:00,112.57,112.61,112.17,112.31,45787
2023-10-10 13:15:00,112.27,112.63,112.23,112.48,33028
2023-10-10 13:30:00,112.44,112.48,112.29,112.43,29263
2023-10-10 13:45:00,112.41,112.51,112.31,112.44,55240
2023-10-10 14:00:00,112.455,112.739,112.39,112.69,59778
2023-10-10 14:15:00,112.7,112.735,112.54,112.57,55707
2023-10-10 14:30:00,112.57,112.79,112.43,112.79,45746
2023-10-10 14:45:00,112.81,112.99,112.59,112.63,58363
2023-10-10 15:00:00,112.63,112.71,112.46,112.48,56960
2023-10-10 15:15:00,112.48,112.49,111.93,112.05,119994
2023-10-10 15:30:00,112.055,112.52,111.95,112.52,149792
2023-10-10 15:45:00,112.5,112.55,112.36,112.42,277542
2023-10-10 16:00:00,112.42,112.88,112.39,112.39,1583448
2023-10-10 16:15:00,112.39,112.39,112.39,112.39,854
2023-10-10 16:30:00,112.64,112.64,112.39,112.39,29188
2023-10-10 16:45:00,112.64,112.64,112.64,112.64,20
2023-10-10 17:00:00,112.39,112.6,112.39,112.41,73
2023-10-10 17:30:00,112.39,112.41,112.39,112.39,1065
2023-10-10 17:45:00,112.25,112.39,112.25,112.39,175
2023-10-10 18:30:00,112.39,112.39,112.39,112.39,383044
2023-10-10 19:00:00,112.39,112.39,112.39,112.39,383044
2023-10-10 19:45:00,112.39,112.39,112.39,112.39,1
